id_canton;nombre_canton;id_parroquia;nombre_parroquia
1;CUENCA;1;CUENCA
1;CUENCA;2;BAÑOS
1;CUENCA;3;CUMBE
1;CUENCA;4;CHAUCHA
1;CUENCA;5;CHECA (JIDCAY)
1;CUENCA;6;CHIQUINTAD
1;CUENCA;7;LLACAO
1;CUENCA;8;MOLLETURO
1;CUENCA;9;NULTI
1;CUENCA;10;OCTAVIO CORDERO PALACIOS (SANTA ROSA)
1;CUENCA;11;PACCHA
1;CUENCA;12;QUINGEO
1;CUENCA;13;RICAURTE
1;CUENCA;14;SAN JOAQUIN
1;CUENCA;15;SANTA ANA
1;CUENCA;16;SAYAUSI
1;CUENCA;17;SIDCAY
1;CUENCA;18;SININCAY
1;CUENCA;19;TARQUI
1;CUENCA;20;TURI
1;CUENCA;21;VALLE
1;CUENCA;22;VICTORIA DEL PORTETE (IRQUIS)
2;GIRON;23;GIRON
2;GIRON;24;ASUNCION
2;GIRON;25;SAN GERARDO
3;GUALACEO;26;GUALACEO
3;GUALACEO;27;DANIEL CORDOVA TORAL (EL ORIENTE)
3;GUALACEO;28;JADAN
3;GUALACEO;29;MARIANO MORENO
3;GUALACEO;30;REMIGIO CRESPO TORAL (GULAG)
3;GUALACEO;31;SAN JUAN
3;GUALACEO;32;ZHIDMAD
3;GUALACEO;33;LUIS CORDERO VEGA
3;GUALACEO;34;SIMON BOLIVAR (CAB. EN GAÑANZOL)
4;NABON;35;NABON
4;NABON;36;COCHAPATA
4;NABON;37;EL PROGRESO (CAB.EN ZHOTA)
4;NABON;38;LAS NIEVES (CHAYA)
5;PAUTE;39;PAUTE
5;PAUTE;40;BULAN (JOSE VICTOR IZQUIERDO)
5;PAUTE;41;CHICAN (GUILLERMO ORTEGA)
5;PAUTE;42;EL CABO
5;PAUTE;43;GUARAINAG
5;PAUTE;44;SAN CRISTOBAL (CARLOS ORDOÑEZ LAZO)
5;PAUTE;45;TOMEBAMBA
5;PAUTE;46;DUG DUG
6;PUCARA;47;PUCARA
6;PUCARA;48;SAN RAFAEL DE SHARUG
7;SAN FERNANDO;49;SAN FERNANDO
7;SAN FERNANDO;50;CHUMBLIN
8;SANTA ISABEL;51;SANTA ISABEL
8;SANTA ISABEL;52;ABDON CALDERON (LA UNION)
8;SANTA ISABEL;53;EL CARMEN DE PIJILI
8;SANTA ISABEL;54;ZHAGLLI (SHAGLLI)
9;SIGSIG;55;SIGSIG
9;SIGSIG;56;CUCHIL (CUTCHIL)
9;SIGSIG;57;JIMA (GIMA)
9;SIGSIG;58;GUEL
9;SIGSIG;59;LUDO
9;SIGSIG;60;SAN BARTOLOME
9;SIGSIG;61;SAN JOSE DE RARANGA
10;OÑA;62;SAN FELIPE DE OÑA
10;OÑA;63;SUSUDEL
11;CHORDELEG;64;CHORDELEG
11;CHORDELEG;65;PRINCIPAL
11;CHORDELEG;66;LA UNION
11;CHORDELEG;67;LUIS GALARZA ORELLANA (CAB.EN DELEGSOL)
11;CHORDELEG;68;SAN MARTIN DE PUZHIO
12;EL PAN;69;EL PAN
12;EL PAN;70;SAN VICENTE
13;SEVILLA DE ORO;71;SEVILLA DE ORO
13;SEVILLA DE ORO;72;AMALUZA
13;SEVILLA DE ORO;73;PALMAS
14;GUACHAPALA;74;GUACHAPALA
15;CAMILO PONCE ENRIQUEZ;75;CAMILO PONCE ENRIQUEZ
16;GUARANDA;76;GUARANDA
16;GUARANDA;77;FACUNDO VELA
16;GUARANDA;78;JULIO E. MORENO (CATANAHUAN GRANDE)
16;GUARANDA;79;SALINAS
16;GUARANDA;80;SAN LORENZO
16;GUARANDA;81;SAN SIMON (YACOTO)
16;GUARANDA;82;SANTAFE (SANTA FE)
16;GUARANDA;83;SIMIATUG
16;GUARANDA;84;SAN LUIS DE PAMBIL
17;CHILLANES;85;CHILLANES
17;CHILLANES;86;SAN JOSE DEL TAMBO (TAMBOPAMBA)
18;CHIMBO;87;SAN JOSE DE CHIMBO
18;CHIMBO;88;ASUNCION (ASANCOTO)
18;CHIMBO;89;MAGDALENA (CHAPACOTO)
18;CHIMBO;90;SAN SEBASTIAN
18;CHIMBO;91;TELIMBELA
19;ECHEANDIA;92;ECHEANDIA
20;SAN MIGUEL;93;SAN MIGUEL
20;SAN MIGUEL;94;BALSAPAMBA
20;SAN MIGUEL;95;BILOVAN
20;SAN MIGUEL;96;REGULO DE MORA
20;SAN MIGUEL;97;SAN PABLO (SAN PABLO DE ATENAS)
20;SAN MIGUEL;98;SANTIAGO
20;SAN MIGUEL;99;SAN VICENTE
21;CALUMA;100;CALUMA
22;LAS NAVES;101;LAS NAVES
23;AZOGUES;102;AZOGUES
23;AZOGUES;103;COJITAMBO
23;AZOGUES;104;GUAPAN
23;AZOGUES;105;JAVIER LOYOLA (CHUQUIPATA)
23;AZOGUES;106;LUIS CORDERO
23;AZOGUES;107;PINDILIG
23;AZOGUES;108;RIVERA
23;AZOGUES;109;SAN MIGUEL
23;AZOGUES;110;TADAY
24;BIBLIAN;111;BIBLIAN
24;BIBLIAN;112;NAZON (CAB. EN PAMPA DE DOMINGUEZ)
24;BIBLIAN;113;SAN FRANCISCO DE SAGEO
24;BIBLIAN;114;TURUPAMBA
24;BIBLIAN;115;JERUSALEN
25;CAÑAR;116;CAÑAR
25;CAÑAR;117;CHONTAMARCA
25;CAÑAR;118;CHOROCOPTE
25;CAÑAR;119;GENERAL MORALES (SOCARTE)
25;CAÑAR;120;GUALLETURO
25;CAÑAR;121;HONORATO VASQUEZ (TAMBO VIEJO)
25;CAÑAR;122;INGAPIRCA
25;CAÑAR;123;JUNCAL
25;CAÑAR;124;SAN ANTONIO
25;CAÑAR;125;ZHUD
25;CAÑAR;126;VENTURA
25;CAÑAR;127;DUCUR
26;LA TRONCAL;128;LA TRONCAL
26;LA TRONCAL;129;MANUEL J. CALLE
26;LA TRONCAL;130;PANCHO NEGRO
27;EL TAMBO;131;EL TAMBO
28;DELEG;132;DELEG
28;DELEG;133;SOLANO
29;SUSCAL;134;SUSCAL
30;TULCAN;135;TULCAN
30;TULCAN;136;EL CARMELO (EL PUN)
30;TULCAN;137;JULIO ANDRADE (OREJUELA)
30;TULCAN;138;MALDONADO
30;TULCAN;139;PIOTER
30;TULCAN;140;TOBAR DONOSO (LA BOCANA DE CAMUMBI)
30;TULCAN;141;TUFIÑO
30;TULCAN;142;URBINA (TAYA)
30;TULCAN;143;EL CHICAL
30;TULCAN;144;SANTA MARTHA DE CUBA
31;BOLIVAR;145;BOLIVAR
31;BOLIVAR;146;GARCIA MORENO
31;BOLIVAR;147;LOS ANDES
31;BOLIVAR;148;MONTE OLIVO
31;BOLIVAR;149;SAN VICENTE DE PUSIR
31;BOLIVAR;150;SAN RAFAEL
32;ESPEJO;151;EL ANGEL
32;ESPEJO;152;EL GOALTAL
32;ESPEJO;153;LA LIBERTAD (ALIZO)
32;ESPEJO;154;SAN ISIDRO
33;MIRA;155;MIRA (CHONTAHUASI)
33;MIRA;156;CONCEPCION
33;MIRA;157;JIJON Y CAAMAÑO (CAB. EN RIO BLANCO)
33;MIRA;158;JUAN MONTALVO (SAN IGNACIO DE QUIL)
34;MONTUFAR;159;SAN GABRIEL
34;MONTUFAR;160;CRISTOBAL COLON
34;MONTUFAR;161;CHITAN DE NAVARRETE
34;MONTUFAR;162;FERNANDEZ SALVADOR
34;MONTUFAR;163;LA PAZ
34;MONTUFAR;164;PIARTAL
35;SAN PEDRO DE HUACA;165;HUACA
35;SAN PEDRO DE HUACA;166;MARISCAL SUCRE
36;LATACUNGA;167;LATACUNGA
36;LATACUNGA;168;ALAQUES (ALAQUEZ)
36;LATACUNGA;169;BELISARIO QUEVEDO (GUANAILIN)
36;LATACUNGA;170;GUAITACAMA (GUAYTACAMA)
36;LATACUNGA;171;JOSEGUANGO BAJO
36;LATACUNGA;172;MULALO
36;LATACUNGA;173;11 DE NOVIEMBRE (ILINCHISI)
36;LATACUNGA;174;POALO
36;LATACUNGA;175;SAN JUAN DE PASTOCALLE
36;LATACUNGA;176;TANICUCHI
36;LATACUNGA;177;TOACASO
37;LA MANA;178;LA MANA
37;LA MANA;179;GUASAGANDA (CAB.EN GUASAGANDA CENTRO)
37;LA MANA;180;PUCAYACU
38;PANGUA;181;EL CORAZON
38;PANGUA;182;MORASPUNGO
38;PANGUA;183;PINLLOPATA
38;PANGUA;184;RAMON CAMPAÑA
39;PUJILI;185;PUJILI
39;PUJILI;186;ANGAMARCA
39;PUJILI;187;GUANGAJE
39;PUJILI;188;LA VICTORIA
39;PUJILI;189;PILALO
39;PUJILI;190;TINGO
39;PUJILI;191;ZUMBAHUA
40;SALCEDO;192;SAN MIGUEL
40;SALCEDO;193;ANTONIO JOSE HOLGUIN (SANTA LUCIA)
40;SALCEDO;194;CUSUBAMBA
40;SALCEDO;195;MULALILLO
40;SALCEDO;196;MULLIQUINDIL (SANTA ANA)
40;SALCEDO;197;PANSALEO
41;SAQUISILI;198;SAQUISILI,
41;SAQUISILI;199;CANCHAGUA
41;SAQUISILI;200;CHANTILIN
41;SAQUISILI;201;COCHAPAMBA
42;SIGCHOS;202;SIGCHOS
42;SIGCHOS;203;CHUGCHILLAN
42;SIGCHOS;204;ISINLIVI
42;SIGCHOS;205;LAS PAMPAS
42;SIGCHOS;206;PALO QUEMADO
43;RIOBAMBA;207;RIOBAMBA
43;RIOBAMBA;208;CACHA (CAB. EN MACHANGARA)
43;RIOBAMBA;209;CALPI
43;RIOBAMBA;210;CUBIJIES
43;RIOBAMBA;211;FLORES
43;RIOBAMBA;212;LICAN
43;RIOBAMBA;213;LICTO
43;RIOBAMBA;214;PUNGALA
43;RIOBAMBA;215;PUNIN
43;RIOBAMBA;216;QUIMIAG
43;RIOBAMBA;217;SAN JUAN
43;RIOBAMBA;218;SAN LUIS
44;ALAUSI;219;ALAUSI
44;ALAUSI;220;ACHUPALLAS
44;ALAUSI;221;GUASUNTOS
44;ALAUSI;222;HUIGRA
44;ALAUSI;223;MULTITUD
44;ALAUSI;224;PISTISHI (NARIZ DEL DIABLO)
44;ALAUSI;225;PUMALLACTA
44;ALAUSI;226;SEVILLA
44;ALAUSI;227;SIBAMBE
44;ALAUSI;228;TIXAN
45;COLTA;229;VILLA LA UNION (CAJABAMBA)
45;COLTA;230;CAÑI
45;COLTA;231;COLUMBE
45;COLTA;232;JUAN DE VELASCO (PANGOR)
45;COLTA;233;SANTIAGO DE QUITO (CAB. EN SAN ANTONIO DE QUITO)
46;CHAMBO;234;CHAMBO
47;CHUNCHI;235;CHUNCHI
47;CHUNCHI;236;CAPZOL
47;CHUNCHI;237;COMPUD
47;CHUNCHI;238;GONZOL
47;CHUNCHI;239;LLAGOS
48;GUAMOTE;240;GUAMOTE
48;GUAMOTE;241;CEBADAS
48;GUAMOTE;242;PALMIRA
49;GUANO;243;GUANO
49;GUANO;244;GUANANDO
49;GUANO;245;ILAPO
49;GUANO;246;LA PROVIDENCIA
49;GUANO;247;SAN ANDRES
49;GUANO;248;SAN GERARDO DE PACAICAGUAN
49;GUANO;249;SAN ISIDRO DE PATULU
49;GUANO;250;SAN JOSE DEL CHAZO
49;GUANO;251;SANTA FE DE GALAN
49;GUANO;252;VALPARAISO
50;PALLATANGA;253;PALLATANGA
51;PENIPE;254;PENIPE
51;PENIPE;255;EL ALTAR
51;PENIPE;256;MATUS
51;PENIPE;257;PUELA
51;PENIPE;258;SAN ANTONIO DE BAYUSHIG
51;PENIPE;259;LA CANDELARIA
51;PENIPE;260;BILBAO (CAB.EN QUILLUYACU)
52;CUMANDA;261;CUMANDA
53;MACHALA;262;MACHALA
53;MACHALA;263;EL RETIRO
54;ARENILLAS;264;ARENILLAS
54;ARENILLAS;265;CHACRAS
54;ARENILLAS;266;PALMALES
54;ARENILLAS;267;CARCABON
55;ATAHUALPA;268;PACCHA
55;ATAHUALPA;269;AYAPAMBA
55;ATAHUALPA;270;CORDONCILLO
55;ATAHUALPA;271;MILAGRO
55;ATAHUALPA;272;SAN JOSE
55;ATAHUALPA;273;SAN JUAN DE CERRO AZUL
56;BALSAS;274;BALSAS
56;BALSAS;275;BELLAMARIA
57;CHILLA;276;CHILLA
58;EL GUABO;277;EL GUABO
58;EL GUABO;278;BARBONES (SUCRE)
58;EL GUABO;279;LA IBERIA
58;EL GUABO;280;TENDALES (CAB.EN PUERTO TENDALES)
58;EL GUABO;281;RIO BONITO
59;HUAQUILLAS;282;HUAQUILLAS
60;MARCABELI;283;MARCABELI
60;MARCABELI;284;EL INGENIO
61;PASAJE;285;PASAJE
61;PASAJE;286;BUENAVISTA
61;PASAJE;287;CASACAY
61;PASAJE;288;LA PEAÑA
61;PASAJE;289;PROGRESO
61;PASAJE;290;UZHCURRUMI
61;PASAJE;291;CAÑAQUEMADA
62;PIÑAS;292;PIÑAS
62;PIÑAS;293;CAPIRO (CAB. EN LA CAPILLA DE CAPIRO)
62;PIÑAS;294;LA BOCANA
62;PIÑAS;295;MOROMORO (CAB. EN EL VADO)
62;PIÑAS;296;PIEDRAS
62;PIÑAS;297;SAN ROQUE (AMBROSIO MALDONADO)
62;PIÑAS;298;SARACAY
63;PORTOVELO;299;PORTOVELO
63;PORTOVELO;300;CURTINCAPA
63;PORTOVELO;301;MORALES
63;PORTOVELO;302;SALATI
64;SANTA ROSA;303;SANTA ROSA
64;SANTA ROSA;304;BELLAVISTA
64;SANTA ROSA;305;JAMBELI
64;SANTA ROSA;306;LA AVANZADA
64;SANTA ROSA;307;SAN ANTONIO
64;SANTA ROSA;308;TORATA
64;SANTA ROSA;309;VICTORIA
64;SANTA ROSA;310;BELLAMARIA
65;ZARUMA;311;ZARUMA
65;ZARUMA;312;ABAÑIN
65;ZARUMA;313;ARCAPAMBA
65;ZARUMA;314;GUANAZAN
65;ZARUMA;315;GUIZHAGUIÑA
65;ZARUMA;316;HUERTAS
65;ZARUMA;317;MALVAS
65;ZARUMA;318;MULUNCAY GRANDE
65;ZARUMA;319;SINSAO
65;ZARUMA;320;SALVIAS
66;LAS LAJAS;321;LA VICTORIA
66;LAS LAJAS;322;LA LIBERTAD
66;LAS LAJAS;323;EL PARAISO
66;LAS LAJAS;324;SAN ISIDRO
67;ESMERALDAS;325;ESMERALDAS
67;ESMERALDAS;326;CAMARONES (CAB. EN SAN VICENTE)
67;ESMERALDAS;327;CRNEL. CARLOS CONCHA TORRES (CAB.EN HUELE)
67;ESMERALDAS;328;CHINCA
67;ESMERALDAS;329;MAJUA
67;ESMERALDAS;330;SAN MATEO
67;ESMERALDAS;331;TABIAZO
67;ESMERALDAS;332;TACHINA
67;ESMERALDAS;333;VUELTA LARGA
68;ELOY ALFARO;334;VALDEZ (LIMONES)
68;ELOY ALFARO;335;ANCHAYACU
68;ELOY ALFARO;336;ATAHUALPA (CAB. EN CAMARONES)
68;ELOY ALFARO;337;BORBON
68;ELOY ALFARO;338;LA TOLA
68;ELOY ALFARO;339;LUIS VARGAS TORRES (CAB. EN PLAYA DE ORO)
68;ELOY ALFARO;340;MALDONADO
68;ELOY ALFARO;341;PAMPANAL DE BOLIVAR
68;ELOY ALFARO;342;SAN FRANCISCO DE ONZOLE
68;ELOY ALFARO;343;SANTO DOMINGO DE ONZOLE
68;ELOY ALFARO;344;SELVA ALEGRE
68;ELOY ALFARO;345;TELEMBI
68;ELOY ALFARO;346;COLON ELOY DEL MARIA
68;ELOY ALFARO;347;SAN JOSE DE CAYAPAS
68;ELOY ALFARO;348;TIMBIRE
69;MUISNE;349;MUISNE
69;MUISNE;350;BOLIVAR
69;MUISNE;351;DAULE
69;MUISNE;352;GALERA
69;MUISNE;353;QUINGUE (OLMEDO PERDOMO FRANCO)
69;MUISNE;354;SALIMA
69;MUISNE;355;SAN FRANCISCO
69;MUISNE;356;SAN GREGORIO
69;MUISNE;357;SAN JOSE DE CHAMANGA (CAB.EN CHAMANGA)
70;QUININDE;358;ROSA ZARATE (QUININDE)
70;QUININDE;359;CUBE
70;QUININDE;360;CHURA (CHANCAMA) (CAB. EN EL YERBERO)
70;QUININDE;361;MALIMPIA
70;QUININDE;362;VICHE
70;QUININDE;363;LA UNION
71;SAN LORENZO;364;SAN LORENZO
71;SAN LORENZO;365;ALTO TAMBO (CAB. EN GUADUAL)
71;SAN LORENZO;366;ANCON (PICHANGAL) (CAB. EN PALMA REAL)
71;SAN LORENZO;367;CALDERON
71;SAN LORENZO;368;CARONDELET
71;SAN LORENZO;369;5 DE JUNIO (CAB. EN UIMBI)
71;SAN LORENZO;370;CONCEPCION
71;SAN LORENZO;371;MATAJE (CAB. EN SANTANDER)
71;SAN LORENZO;372;SAN JAVIER DE CACHAVI (CAB. EN SAN JAVIER)
71;SAN LORENZO;373;SANTA RITA
71;SAN LORENZO;374;TAMBILLO
71;SAN LORENZO;375;TULULBI (CAB. EN RICAURTE)
71;SAN LORENZO;376;URBINA
72;ATACAMES;377;ATACAMES
72;ATACAMES;378;LA UNION
72;ATACAMES;379;SUA (CAB. EN LA BOCANA)
72;ATACAMES;380;TONCHIGÜE
72;ATACAMES;381;TONSUPA
73;RIOVERDE;382;RIOVERDE
73;RIOVERDE;383;CHONTADURO
73;RIOVERDE;384;CHUMUNDE
73;RIOVERDE;385;LAGARTO
73;RIOVERDE;386;MONTALVO (CAB. EN HORQUETA)
73;RIOVERDE;387;ROCAFUERTE
74;LA CONCORDIA;388;LA CONCORDIA
75;GUAYAQUIL;389;GUAYAQUIL
75;GUAYAQUIL;390;JUAN GOMEZ RENDON (PROGRESO)
75;GUAYAQUIL;391;MORRO
75;GUAYAQUIL;392;POSORJA
75;GUAYAQUIL;393;PUNA
75;GUAYAQUIL;394;TENGUEL
76;ALFREDO BAQUERIZO MORENO (JUJAN);395;ALFREDO BAQUERIZO MORENO (JUJAN)
77;BALAO;396;BALAO
78;BALZAR;397;BALZAR
79;COLIMES;398;COLIMES
79;COLIMES;399;SAN JACINTO
80;DAULE;400;DAULE
80;DAULE;401;JUAN BAUTISTA AGUIRRE (LOS TINTOS)
80;DAULE;402;LAUREL
80;DAULE;403;LIMONAL
80;DAULE;404;LOS LOJAS (ENRIQUE BAQUERIZO MORENO)
81;DURAN;405;ELOY ALFARO (DURAN)
82;EL EMPALME;406;VELASCO IBARRA (EL EMPALME)
82;EL EMPALME;407;GUAYAS (PUEBLO NUEVO)
82;EL EMPALME;408;EL ROSARIO
83;EL TRIUNFO;409;EL TRIUNFO
84;MILAGRO;410;MILAGRO
84;MILAGRO;411;CHOBO
84;MILAGRO;412;MARISCAL SUCRE (HUAQUES)
84;MILAGRO;413;ROBERTO ASTUDILLO (CAB. EN CRUCE DE VENECIA)
85;NARANJAL;414;NARANJAL
85;NARANJAL;415;JESUS MARIA
85;NARANJAL;416;SAN CARLOS
85;NARANJAL;417;SANTA ROSA DE FLANDES
85;NARANJAL;418;TAURA
86;NARANJITO;419;NARANJITO
87;PALESTINA;420;PALESTINA
88;PEDRO CARBO;421;PEDRO CARBO
88;PEDRO CARBO;422;VALLE DE LA VIRGEN
88;PEDRO CARBO;423;SABANILLA
89;SAMBORONDON;424;SAMBORONDON
89;SAMBORONDON;425;TARIFA
90;SANTA LUCIA;426;SANTA LUCIA
91;SALITRE (URBINA JADO);427;EL SALITRE (LAS RAMAS)
91;SALITRE (URBINA JADO);428;GRAL. VERNAZA (DOS ESTEROS)
91;SALITRE (URBINA JADO);429;LA VICTORIA (ÑAUZA)
91;SALITRE (URBINA JADO);430;JUNQUILLAL
92;SAN JACINTO DE YAGUACHI;431;SAN JACINTO DE YAGUACHI
92;SAN JACINTO DE YAGUACHI;432;GRAL. PEDRO J. MONTERO (BOLICHE)
92;SAN JACINTO DE YAGUACHI;433;YAGUACHI VIEJO (CONE)
92;SAN JACINTO DE YAGUACHI;434;VIRGEN DE FATIMA
93;PLAYAS;435;GENERAL VILLAMIL (PLAYAS)
94;SIMON BOLIVAR;436;SIMON BOLIVAR
94;SIMON BOLIVAR;437;CRNEL.LORENZO DE GARAICOA (PEDREGAL)
95;CORONEL MARCELINO MARIDUEÑA;438;CORONEL MARCELINO MARIDUEÑA (SAN CARLOS)
96;LOMAS DE SARGENTILLO;439;LOMAS DE SARGENTILLO
97;NOBOL;440;NARCISA DE JESUS
98;GENERAL ANTONIO ELIZALDE;441;GENERAL ANTONIO ELIZALDE (BUCAY)
99;ISIDRO AYORA;442;ISIDRO AYORA
100;IBARRA;443;SAN MIGUEL DE IBARRA
100;IBARRA;444;AMBUQUI
100;IBARRA;445;ANGOCHAGUA
100;IBARRA;446;CAROLINA
100;IBARRA;447;LA ESPERANZA
100;IBARRA;448;LITA
100;IBARRA;449;SALINAS
100;IBARRA;450;SAN ANTONIO
101;ANTONIO ANTE;451;ATUNTAQUI
101;ANTONIO ANTE;452;IMBAYA (SAN LUIS DE COBUENDO)
101;ANTONIO ANTE;453;SAN FRANCISCO DE NATABUELA
101;ANTONIO ANTE;454;SAN JOSE DE CHALTURA
101;ANTONIO ANTE;455;SAN ROQUE
102;COTACACHI;456;COTACACHI
102;COTACACHI;457;APUELA
102;COTACACHI;458;GARCIA MORENO (LLURIMAGUA)
102;COTACACHI;459;IMANTAG
102;COTACACHI;460;PEÑAHERRERA
102;COTACACHI;461;PLAZA GUTIERREZ
102;COTACACHI;462;QUIROGA
102;COTACACHI;463;6 DE JULIO DE CUELLAJE (CAB. EN CUELLAJE)
102;COTACACHI;464;VACAS GALINDO (EL CHURO) (CAB.EN SAN MIGUEL ALTO)
103;OTAVALO;465;OTAVALO
103;OTAVALO;466;DR. MIGUEL EGAS CABEZAS (PEGUCHE)
103;OTAVALO;467;EUGENIO ESPEJO (CALPAQUI)
103;OTAVALO;468;GONZALEZ SUAREZ
103;OTAVALO;469;PATAQUI
103;OTAVALO;470;SAN JOSE DE QUICHINCHE
103;OTAVALO;471;SAN JUAN DE ILUMAN
103;OTAVALO;472;SAN PABLO
103;OTAVALO;473;SAN RAFAEL
103;OTAVALO;474;SELVA ALEGRE (CAB.EN SAN MIGUEL DE PAMPLONA)
104;PIMAMPIRO;475;PIMAMPIRO
104;PIMAMPIRO;476;CHUGA
104;PIMAMPIRO;477;MARIANO ACOSTA
104;PIMAMPIRO;478;SAN FRANCISCO DE SIGSIPAMBA
105;SAN MIGUEL DE URCUQUI;479;URCUQUI
105;SAN MIGUEL DE URCUQUI;480;CAHUASQUI
105;SAN MIGUEL DE URCUQUI;481;LA MERCED DE BUENOS AIRES
105;SAN MIGUEL DE URCUQUI;482;PABLO ARENAS
105;SAN MIGUEL DE URCUQUI;483;SAN BLAS
105;SAN MIGUEL DE URCUQUI;484;TUMBABIRO
106;LOJA;485;LOJA
106;LOJA;486;CHANTACO
106;LOJA;487;CHUQUIRIBAMBA
106;LOJA;488;EL CISNE
106;LOJA;489;GUALEL
106;LOJA;490;JIMBILLA
106;LOJA;491;MALACATOS (VALLADOLID)
106;LOJA;492;SAN LUCAS
106;LOJA;493;SAN PEDRO DE VILCABAMBA
106;LOJA;494;SANTIAGO
106;LOJA;495;TAQUIL (MIGUEL RIOFRIO)
106;LOJA;496;VILCABAMBA (VICTORIA)
106;LOJA;497;YANGANA (ARSENIO CASTILLO)
106;LOJA;498;QUINARA
107;CALVAS;499;CARIAMANGA
107;CALVAS;500;COLAISACA
107;CALVAS;501;EL LUCERO
107;CALVAS;502;UTUANA
107;CALVAS;503;SANGUILLIN
108;CATAMAYO;504;CATAMAYO (LA TOMA)
108;CATAMAYO;505;EL TAMBO
108;CATAMAYO;506;GUAYQUICHUMA
108;CATAMAYO;507;SAN PEDRO DE LA BENDITA
108;CATAMAYO;508;ZAMBI
109;CELICA;509;CELICA
109;CELICA;510;CRUZPAMBA (CAB. EN CARLOS BUSTAMANTE)
109;CELICA;511;POZUL (SAN JUAN DE POZUL)
109;CELICA;512;SABANILLA
109;CELICA;513;TNTE. MAXIMILIANO RODRIGUEZ LOAIZA
110;CHAGUARPAMBA;514;CHAGUARPAMBA
110;CHAGUARPAMBA;515;BUENAVISTA
110;CHAGUARPAMBA;516;EL ROSARIO
110;CHAGUARPAMBA;517;SANTA RUFINA
110;CHAGUARPAMBA;518;AMARILLOS
111;ESPINDOLA;519;AMALUZA
111;ESPINDOLA;520;BELLAVISTA
111;ESPINDOLA;521;JIMBURA
111;ESPINDOLA;522;SANTA TERESITA
111;ESPINDOLA;523;27 DE ABRIL (CAB. EN LA NARANJA)
111;ESPINDOLA;524;EL INGENIO
111;ESPINDOLA;525;EL AIRO
112;GONZANAMA;526;GONZANAMA
112;GONZANAMA;527;CHANGAIMINA (LA LIBERTAD)
112;GONZANAMA;528;NAMBACOLA
112;GONZANAMA;529;PURUNUMA (EGUIGUREN)
112;GONZANAMA;530;SACAPALCA
113;MACARA;531;MACARA
113;MACARA;532;LARAMA
113;MACARA;533;LA VICTORIA
113;MACARA;534;SABIANGO (LA CAPILLA)
114;PALTAS;535;CATACOCHA
114;PALTAS;536;CANGONAMA
114;PALTAS;537;GUACHANAMA
114;PALTAS;538;LAURO GUERRERO
114;PALTAS;539;ORIANGA
114;PALTAS;540;SAN ANTONIO
114;PALTAS;541;CASANGA
114;PALTAS;542;YAMANA
115;PUYANGO;543;ALAMOR
115;PUYANGO;544;CIANO
115;PUYANGO;545;EL ARENAL
115;PUYANGO;546;EL LIMO (MARIANA DE JESUS)
115;PUYANGO;547;MERCADILLO
115;PUYANGO;548;VICENTINO
116;SARAGURO;549;SARAGURO
116;SARAGURO;550;EL PARAISO DE CELEN
116;SARAGURO;551;EL TABLON
116;SARAGURO;552;LLUZHAPA
116;SARAGURO;553;MANU
116;SARAGURO;554;SAN ANTONIO DE QUMBE (CUMBE)
116;SARAGURO;555;SAN PABLO DE TENTA
116;SARAGURO;556;SAN SEBASTIAN DE YULUC
116;SARAGURO;557;SELVA ALEGRE
116;SARAGURO;558;URDANETA (PAQUISHAPA)
116;SARAGURO;559;SUMAYPAMBA
117;SOZORANGA;560;SOZORANGA
117;SOZORANGA;561;NUEVA FATIMA
117;SOZORANGA;562;TACAMOROS
118;ZAPOTILLO;563;ZAPOTILLO
118;ZAPOTILLO;564;CAZADEROS (CAB.EN MANGAURCO)
118;ZAPOTILLO;565;GARZAREAL
118;ZAPOTILLO;566;LIMONES
118;ZAPOTILLO;567;PALETILLAS
118;ZAPOTILLO;568;BOLASPAMBA
119;PINDAL;569;PINDAL
119;PINDAL;570;CHAQUINAL
119;PINDAL;571;12 DE DICIEMBRE (CAB.EN ACHIOTES)
120;QUILANGA;572;QUILANGA
120;QUILANGA;573;FUNDOCHAMBA
120;QUILANGA;574;SAN ANTONIO DE LAS ARADAS (CAB. EN LAS ARADAS)
121;OLMEDO;575;OLMEDO
121;OLMEDO;576;LA TINGUE
122;BABAHOYO;577;BABAHOYO
122;BABAHOYO;578;CARACOL
122;BABAHOYO;579;FEBRES CORDERO (LAS JUNTAS) (CAB. EN MATA DE CACAO)
122;BABAHOYO;580;PIMOCHA
122;BABAHOYO;581;LA UNION
123;BABA;582;BABA
123;BABA;583;GUARE
123;BABA;584;ISLA DE BEJUCAL
124;MONTALVO;585;MONTALVO
125;PUEBLOVIEJO;586;PUEBLOVIEJO
125;PUEBLOVIEJO;587;PUERTO PECHICHE
125;PUEBLOVIEJO;588;SAN JUAN
126;QUEVEDO;589;QUEVEDO
126;QUEVEDO;590;SAN CARLOS
126;QUEVEDO;591;LA ESPERANZA
127;URDANETA;592;CATARAMA
127;URDANETA;593;RICAURTE
128;VENTANAS;594;VENTANAS
128;VENTANAS;595;ZAPOTAL
129;VINCES;596;VINCES
129;VINCES;597;ANTONIO SOTOMAYOR (CAB. EN PLAYAS DE VINCES)
130;PALENQUE;598;PALENQUE
131;BUENA FE;599;SAN JACINTO DE BUENA FE
131;BUENA FE;600;PATRICIA PILAR
132;VALENCIA;601;VALENCIA
133;MOCACHE;602;MOCACHE
134;QUINSALOMA;603;QUINSALOMA
135;PORTOVIEJO;604;PORTOVIEJO
135;PORTOVIEJO;605;ABDON CALDERON (SAN FRANCISCO)
135;PORTOVIEJO;606;ALHAJUELA (BAJO GRANDE)
135;PORTOVIEJO;607;CRUCITA
135;PORTOVIEJO;608;PUEBLO NUEVO
135;PORTOVIEJO;609;RIOCHICO (RIO CHICO)
135;PORTOVIEJO;610;SAN PLACIDO
135;PORTOVIEJO;611;CHIRIJOS
136;BOLIVAR;612;CALCETA
136;BOLIVAR;613;MEMBRILLO
136;BOLIVAR;614;QUIROGA
137;CHONE;615;CHONE
137;CHONE;616;BOYACA
137;CHONE;617;CANUTO
137;CHONE;618;CONVENTO
137;CHONE;619;CHIBUNGA
137;CHONE;620;ELOY ALFARO
137;CHONE;621;RICAURTE
137;CHONE;622;SAN ANTONIO
138;EL CARMEN;623;EL CARMEN
138;EL CARMEN;624;WILFRIDO LOOR MOREIRA (MAICITO)
138;EL CARMEN;625;SAN PEDRO DE SUMA
139;FLAVIO ALFARO;626;FLAVIO ALFARO
139;FLAVIO ALFARO;627;SAN FRANCISCO DE NOVILLO (CAB. EN NOVILLO)
139;FLAVIO ALFARO;628;ZAPALLO
140;JIPIJAPA;629;JIPIJAPA
140;JIPIJAPA;630;AMERICA
140;JIPIJAPA;631;EL ANEGADO (CAB. EN ELOY ALFARO)
140;JIPIJAPA;632;JULCUY
140;JIPIJAPA;633;LA UNION
140;JIPIJAPA;634;MEMBRILLAL
140;JIPIJAPA;635;PEDRO PABLO GOMEZ
140;JIPIJAPA;636;PUERTO DE CAYO
141;JUNIN;637;JUNIN
142;MANTA;638;MANTA
142;MANTA;639;SAN LORENZO
142;MANTA;640;SANTA MARIANITA (BOCA DE PACOCHE)
143;MONTECRISTI;641;MONTECRISTI
143;MONTECRISTI;642;LA PILA
144;PAJAN;643;PAJAN
144;PAJAN;644;CAMPOZANO (LA PALMA DE PAJAN)
144;PAJAN;645;CASCOL
144;PAJAN;646;GUALE
144;PAJAN;647;LASCANO
145;PICHINCHA;648;PICHINCHA
145;PICHINCHA;649;BARRAGANETE
145;PICHINCHA;650;SAN SEBASTIAN
146;ROCAFUERTE;651;ROCAFUERTE
147;SANTA ANA;652;SANTA ANA DE VUELTA LARGA
147;SANTA ANA;653;AYACUCHO
147;SANTA ANA;654;HONORATO VASQUEZ (CAB. EN VASQUEZ)
147;SANTA ANA;655;LA UNION
147;SANTA ANA;656;SAN PABLO (CAB. EN PUEBLO NUEVO)
148;SUCRE;657;BAHIA DE CARAQUEZ
148;SUCRE;658;CHARAPOTO
148;SUCRE;659;SAN ISIDRO
149;TOSAGUA;660;TOSAGUA
149;TOSAGUA;661;BACHILLERO
149;TOSAGUA;662;ANGEL PEDRO GILER (LA ESTANCILLA)
150;24 DE MAYO;663;SUCRE
150;24 DE MAYO;664;BELLAVISTA
150;24 DE MAYO;665;NOBOA
150;24 DE MAYO;666;ARQ. SIXTO DURAN BALLEN
151;PEDERNALES;667;PEDERNALES
151;PEDERNALES;668;COJIMIES
151;PEDERNALES;669;10 DE AGOSTO
151;PEDERNALES;670;ATAHUALPA
152;OLMEDO;671;OLMEDO
153;PUERTO LOPEZ;672;PUERTO LOPEZ
153;PUERTO LOPEZ;673;MACHALILLA
153;PUERTO LOPEZ;674;SALANGO
154;JAMA;675;JAMA
155;JARAMIJO;676;JARAMIJO
156;SAN VICENTE;677;SAN VICENTE
156;SAN VICENTE;678;CANOA
157;MORONA;679;MACAS
157;MORONA;680;ALSHI (CAB. EN 9 DE OCTUBRE)
157;MORONA;681;GENERAL PROAÑO
157;MORONA;682;SAN ISIDRO
157;MORONA;683;SEVILLA DON BOSCO
157;MORONA;684;SINAI
157;MORONA;685;ZUÑA (ZUÑAC)
157;MORONA;686;CUCHAENTZA
157;MORONA;687;RIO BLANCO
158;GUALAQUIZA;688;GUALAQUIZA
158;GUALAQUIZA;689;AMAZONAS (ROSARIO DE CUYES)
158;GUALAQUIZA;690;BERMEJOS
158;GUALAQUIZA;691;BOMBOIZA
158;GUALAQUIZA;692;CHIGÜINDA
158;GUALAQUIZA;693;EL ROSARIO
158;GUALAQUIZA;694;NUEVA TARQUI
158;GUALAQUIZA;695;SAN MIGUEL DE CUYES
158;GUALAQUIZA;696;EL IDEAL
159;LIMON INDANZA;697;GENERAL LEONIDAS PLAZA GUTIERREZ (LIMON)
159;LIMON INDANZA;698;INDANZA
159;LIMON INDANZA;699;SAN ANTONIO (CAB. EN SAN ANTONIO CENTRO
159;LIMON INDANZA;700;SAN MIGUEL DE CONCHAY
159;LIMON INDANZA;701;SANTA SUSANA DE CHIVIAZA (CAB. EN CHIVIAZA)
159;LIMON INDANZA;702;YUNGANZA (CAB. EN EL ROSARIO)
160;PALORA;703;PALORA (METZERA)
160;PALORA;704;ARAPICOS
160;PALORA;705;CUMANDA (CAB. EN COLONIA AGRICOLA SEVILLA DEL ORO)
160;PALORA;706;SANGAY (CAB. EN NAYAMANACA)
160;PALORA;707;16 DE AGOSTO
161;SANTIAGO;708;SANTIAGO DE MENDEZ
161;SANTIAGO;709;COPAL
161;SANTIAGO;710;CHUPIANZA
161;SANTIAGO;711;PATUCA
161;SANTIAGO;712;SAN LUIS DE EL ACHO (CAB. EN EL ACHO)
161;SANTIAGO;713;TAYUZA
161;SANTIAGO;714;SAN FRANCISCO DE CHINIMBIMI
162;SUCUA;715;SUCUA
162;SUCUA;716;ASUNCION
162;SUCUA;717;HUAMBI
162;SUCUA;718;SANTA MARIANITA DE JESUS
163;HUAMBOYA;719;HUAMBOYA
163;HUAMBOYA;720;CHIGUAZA
164;SAN JUAN BOSCO;721;SAN JUAN BOSCO
164;SAN JUAN BOSCO;722;PAN DE AZUCAR
164;SAN JUAN BOSCO;723;SAN CARLOS DE LIMON
164;SAN JUAN BOSCO;724;SAN JACINTO DE WAKAMBEIS
164;SAN JUAN BOSCO;725;SANTIAGO DE PANANZA
165;TAISHA;726;TAISHA
165;TAISHA;727;HUASAGA (CAB. EN WAMPUIK)
165;TAISHA;728;MACUMA
165;TAISHA;729;TUUTINENTZA
165;TAISHA;730;PUMPUENTSA
166;LOGROÑO;731;LOGROÑO
166;LOGROÑO;732;YAUPI
166;LOGROÑO;733;SHIMPIS
167;PABLO SEXTO;734;PABLO SEXTO
168;CANTON TIWINTZA;735;SANTIAGO
168;CANTON TIWINTZA;736;SAN JOSE DE MORONA
169;TENA;737;TENA
169;TENA;738;AHUANO
169;TENA;739;CHONTAPUNTA
169;TENA;740;PANO
169;TENA;741;PUERTO MISAHUALLI
169;TENA;742;PUERTO NAPO
169;TENA;743;TALAG
170;ARCHIDONA;744;ARCHIDONA
170;ARCHIDONA;745;COTUNDO
170;ARCHIDONA;746;SAN PABLO DE USHPAYACU
171;EL CHACO;747;EL CHACO
171;EL CHACO;748;GONZALO DIAZ DE PINEDA (EL BOMBON)
171;EL CHACO;749;LINARES
171;EL CHACO;750;OYACACHI
171;EL CHACO;751;SANTA ROSA
171;EL CHACO;752;SARDINAS
172;QUIJOS;753;BAEZA
172;QUIJOS;754;COSANGA
172;QUIJOS;755;CUYUJA
172;QUIJOS;756;PAPALLACTA
172;QUIJOS;757;SAN FRANCISCO DE BORJA (VIRGILIO DAVILA)
172;QUIJOS;758;SUMACO
173;CARLOS JULIO AROSEMENA TOLA;759;CARLOS JULIO AROSEMENA TOLA
174;PASTAZA;760;PUYO
174;PASTAZA;761;CANELOS
174;PASTAZA;762;DIEZ DE AGOSTO
174;PASTAZA;763;FATIMA
174;PASTAZA;764;MONTALVO (ANDOAS)
174;PASTAZA;765;POMONA
174;PASTAZA;766;RIO CORRIENTES
174;PASTAZA;767;RIO TIGRE
174;PASTAZA;768;SARAYACU
174;PASTAZA;769;SIMON BOLIVAR (CAB. EN MUSHULLACTA)
174;PASTAZA;770;TARQUI
174;PASTAZA;771;TENIENTE HUGO ORTIZ
174;PASTAZA;772;VERACRUZ (INDILLAMA) (CAB. EN INDILLAMA)
174;PASTAZA;773;EL TRIUNFO
175;MERA;774;MERA
175;MERA;775;MADRE TIERRA
175;MERA;776;SHELL
176;SANTA CLARA;777;SANTA CLARA
176;SANTA CLARA;778;SAN JOSE
177;ARAJUNO;779;ARAJUNO
177;ARAJUNO;780;CURARAY
178;QUITO;781;QUITO DISTRITO METROPOLITANO, CABECERA CANTONAL, CAPITAL PROVINCIAL Y DE LA REPUBLICA DEL ECUADOR
178;QUITO;782;ALANGASI
178;QUITO;783;AMAGUAÑA
178;QUITO;784;ATAHUALPA (HABASPAMBA)
178;QUITO;785;CALACALI
178;QUITO;786;CALDERON (CARAPUNGO)
178;QUITO;787;CONOCOTO
178;QUITO;788;CUMBAYA
178;QUITO;789;CHAVEZPAMBA
178;QUITO;790;CHECA (CHILPA)
178;QUITO;791;EL QUINCHE
178;QUITO;792;GUALEA
178;QUITO;793;GUANGOPOLO
178;QUITO;794;GUAYLLABAMBA
178;QUITO;795;LA MERCED
178;QUITO;796;LLANO CHICO
178;QUITO;797;LLOA
178;QUITO;798;NANEGAL
178;QUITO;799;NANEGALITO
178;QUITO;800;NAYON
178;QUITO;801;NONO
178;QUITO;802;PACTO
178;QUITO;803;PERUCHO
178;QUITO;804;PIFO
178;QUITO;805;PINTAG
178;QUITO;806;POMASQUI
178;QUITO;807;PUELLARO
178;QUITO;808;PUEMBO
178;QUITO;809;SAN ANTONIO
178;QUITO;810;SAN JOSE DE MINAS
178;QUITO;811;TABABELA
178;QUITO;812;TUMBACO
178;QUITO;813;YARUQUI
178;QUITO;814;ZAMBIZA
179;CAYAMBE;815;CAYAMBE
179;CAYAMBE;816;ASCAZUBI
179;CAYAMBE;817;CANGAHUA
179;CAYAMBE;818;OLMEDO (PESILLO)
179;CAYAMBE;819;OTON
179;CAYAMBE;820;SANTA ROSA DE CUZUBAMBA
180;MEJIA;821;MACHACHI
180;MEJIA;822;ALOAG
180;MEJIA;823;ALOASI
180;MEJIA;824;CUTUGLAHUA
180;MEJIA;825;EL CHAUPI
180;MEJIA;826;MANUEL CORNEJO ASTORGA (TANDAPI)
180;MEJIA;827;TAMBILLO
180;MEJIA;828;UYUMBICHO
181;PEDRO MONCAYO;829;TABACUNDO
181;PEDRO MONCAYO;830;LA ESPERANZA
181;PEDRO MONCAYO;831;MALCHINGUI
181;PEDRO MONCAYO;832;TOCACHI
181;PEDRO MONCAYO;833;TUPIGACHI
182;RUMIÑAHUI;834;SANGOLQUI
182;RUMIÑAHUI;835;COTOGCHOA
182;RUMIÑAHUI;836;RUMIPAMBA
183;SAN MIGUEL DE LOS BANCOS;837;SAN MIGUEL DE LOS BANCOS
183;SAN MIGUEL DE LOS BANCOS;838;MINDO
184;PEDRO VICENTE MALDONADO;839;PEDRO VICENTE MALDONADO
185;PUERTO QUITO;840;PUERTO QUITO
186;AMBATO;841;AMBATO
186;AMBATO;842;AMBATILLO
186;AMBATO;843;ATAHUALPA (CHISALATA)
186;AMBATO;844;AUGUSTO N. MARTINEZ (MUNDUGLEO)
186;AMBATO;845;CONSTANTINO FERNANDEZ (CAB. EN CULLITAHUA)
186;AMBATO;846;HUACHI GRANDE
186;AMBATO;847;IZAMBA
186;AMBATO;848;JUAN BENIGNO VELA
186;AMBATO;849;MONTALVO
186;AMBATO;850;PASA
186;AMBATO;851;PICAIGUA
186;AMBATO;852;PILAGÜIN (PILAHÜIN)
186;AMBATO;853;QUISAPINCHA (QUIZAPINCHA)
186;AMBATO;854;SAN BARTOLOME DE PINLLOG
186;AMBATO;855;SAN FERNANDO (PASA SAN FERNANDO)
186;AMBATO;856;SANTA ROSA
186;AMBATO;857;TOTORAS
186;AMBATO;858;CUNCHIBAMBA
186;AMBATO;859;UNAMUNCHO
187;BAÑOS DE AGUA SANTA;860;BAÑOS DE AGUA SANTA
187;BAÑOS DE AGUA SANTA;861;LLIGUA
187;BAÑOS DE AGUA SANTA;862;RIO NEGRO
187;BAÑOS DE AGUA SANTA;863;RIO VERDE
187;BAÑOS DE AGUA SANTA;864;ULBA
188;CEVALLOS;865;CEVALLOS
189;MOCHA;866;MOCHA
189;MOCHA;867;PINGUILI
190;PATATE;868;PATATE
190;PATATE;869;EL TRIUNFO
190;PATATE;870;LOS ANDES (CAB. EN POATUG)
190;PATATE;871;SUCRE (CAB. EN SUCRE-PATATE URCU)
191;QUERO;872;QUERO
191;QUERO;873;RUMIPAMBA
191;QUERO;874;YANAYACU - MOCHAPATA (CAB. EN YANAYACU)
192;SAN PEDRO DE PELILEO;875;PELILEO
192;SAN PEDRO DE PELILEO;876;BENITEZ (PACHANLICA)
192;SAN PEDRO DE PELILEO;877;BOLIVAR
192;SAN PEDRO DE PELILEO;878;COTALO
192;SAN PEDRO DE PELILEO;879;CHIQUICHA (CAB. EN CHIQUICHA GRANDE)
192;SAN PEDRO DE PELILEO;880;EL ROSARIO (RUMICHACA)
192;SAN PEDRO DE PELILEO;881;GARCIA MORENO (CHUMAQUI)
192;SAN PEDRO DE PELILEO;882;GUAMBALO (HUAMBALO)
192;SAN PEDRO DE PELILEO;883;SALASACA
193;SANTIAGO DE PILLARO;884;PILLARO
193;SANTIAGO DE PILLARO;885;BAQUERIZO MORENO
193;SANTIAGO DE PILLARO;886;EMILIO MARIA TERAN (RUMIPAMBA)
193;SANTIAGO DE PILLARO;887;MARCOS ESPINEL (CHACATA)
193;SANTIAGO DE PILLARO;888;PRESIDENTE URBINA (CHAGRAPAMBA -PATZUCUL)
193;SANTIAGO DE PILLARO;889;SAN ANDRES
193;SANTIAGO DE PILLARO;890;SAN JOSE DE POALO
193;SANTIAGO DE PILLARO;891;SAN MIGUELITO
194;TISALEO;892;TISALEO
194;TISALEO;893;QUINCHICOTO
195;ZAMORA;894;ZAMORA
195;ZAMORA;895;CUMBARATZA
195;ZAMORA;896;GUADALUPE
195;ZAMORA;897;IMBANA (LA VICTORIA DE IMBANA)
195;ZAMORA;898;SABANILLA
195;ZAMORA;899;TIMBARA
195;ZAMORA;900;SAN CARLOS DE LAS MINAS
196;CHINCHIPE;901;ZUMBA
196;CHINCHIPE;902;CHITO
196;CHINCHIPE;903;EL CHORRO
196;CHINCHIPE;904;LA CHONTA
196;CHINCHIPE;905;PUCAPAMBA
196;CHINCHIPE;906;SAN ANDRES
197;NANGARITZA;907;GUAYZIMI
197;NANGARITZA;908;ZURMI
197;NANGARITZA;909;NUEVO PARAISO
198;YACUAMBI;910;28 DE MAYO (SAN JOSE DE YACUAMBI)
198;YACUAMBI;911;LA PAZ
198;YACUAMBI;912;TUTUPALI
199;YANTZAZA (YANZATZA);913;YANTZAZA (YANZATZA)
199;YANTZAZA (YANZATZA);914;CHICAÑA
199;YANTZAZA (YANZATZA);915;LOS ENCUENTROS
200;EL PANGUI;916;EL PANGUI
200;EL PANGUI;917;EL GUISME
200;EL PANGUI;918;PACHICUTZA
200;EL PANGUI;919;TUNDAYME
201;CENTINELA DEL CONDOR;920;ZUMBI
202;PALANDA;921;PALANDA
202;PALANDA;922;EL PORVENIR DEL CARMEN
202;PALANDA;923;SAN FRANCISCO DEL VERGEL
202;PALANDA;924;VALLADOLID
202;PALANDA;925;LA CANELA
203;PAQUISHA;926;PAQUISHA
203;PAQUISHA;927;BELLAVISTA
203;PAQUISHA;928;NUEVO QUITO
204;SAN CRISTOBAL;929;PUERTO BAQUERIZO MORENO
204;SAN CRISTOBAL;930;EL PROGRESO
204;SAN CRISTOBAL;931;ISLA SANTA MARIA (FLOREANA) (CAB. EN PTO. VELASCO IBARRA)
205;ISABELA;932;PUERTO VILLAMIL
205;ISABELA;933;TOMAS DE BERLANGA (SANTO TOMAS)
206;SANTA CRUZ;934;PUERTO AYORA
206;SANTA CRUZ;935;BELLAVISTA
206;SANTA CRUZ;936;SANTA ROSA (INCLUYE LA ISLA BALTRA)
207;LAGO AGRIO;937;NUEVA LOJA
207;LAGO AGRIO;938;DURENO
207;LAGO AGRIO;939;GENERAL FARFAN
207;LAGO AGRIO;940;EL ENO
207;LAGO AGRIO;941;PACAYACU
207;LAGO AGRIO;942;JAMBELI
207;LAGO AGRIO;943;SANTA CECILIA
208;GONZALO PIZARRO;944;LUMBAQUI
208;GONZALO PIZARRO;945;EL REVENTADOR
208;GONZALO PIZARRO;946;GONZALO PIZARRO
208;GONZALO PIZARRO;947;PUERTO LIBRE
209;PUTUMAYO;948;PUERTO EL CARMEN DEL PUTUMAYO
209;PUTUMAYO;949;PALMA ROJA
209;PUTUMAYO;950;PUERTO BOLIVAR (PUERTO MONTUFAR)
209;PUTUMAYO;951;PUERTO RODRIGUEZ
209;PUTUMAYO;952;SANTA ELENA
210;SHUSHUFINDI;953;SHUSHUFINDI
210;SHUSHUFINDI;954;LIMONCOCHA
210;SHUSHUFINDI;955;PAÑACOCHA
210;SHUSHUFINDI;956;SAN ROQUE (CAB. EN SAN VICENTE)
210;SHUSHUFINDI;957;SAN PEDRO DE LOS COFANES
210;SHUSHUFINDI;958;SIETE DE JULIO
211;SUCUMBIOS;959;LA BONITA
211;SUCUMBIOS;960;EL PLAYON DE SAN FRANCISCO
211;SUCUMBIOS;961;LA SOFIA
211;SUCUMBIOS;962;ROSA FLORIDA
211;SUCUMBIOS;963;SANTA BARBARA
212;CASCALES;964;EL DORADO DE CASCALES
212;CASCALES;965;SANTA ROSA DE SUCUMBIOS
212;CASCALES;966;SEVILLA
213;CUYABENO;967;TARAPOA
213;CUYABENO;968;CUYABENO
213;CUYABENO;969;AGUAS NEGRAS
214;ORELLANA;970;PUERTO FRANCISCO DE ORELLANA (EL COCA)
214;ORELLANA;971;DAYUMA
214;ORELLANA;972;TARACOA (CAB. EN NUEVA ESPERANZA: YUCA)
214;ORELLANA;973;ALEJANDRO LABAKA
214;ORELLANA;974;EL DORADO
214;ORELLANA;975;EL EDEN
214;ORELLANA;976;GARCIA MORENO
214;ORELLANA;977;INES ARANGO (CAB. EN WESTERN)
214;ORELLANA;978;LA BELLEZA
214;ORELLANA;979;NUEVO PARAISO (CAB. EN UNIÓN CHIMBORAZO)
214;ORELLANA;980;SAN JOSE DE GUAYUSA
214;ORELLANA;981;SAN LUIS DE ARMENIA
215;AGUARICO;982;NUEVO ROCAFUERTE
215;AGUARICO;983;CAPITAN AUGUSTO RIVADENEYRA
215;AGUARICO;984;CONONACO
215;AGUARICO;985;SANTA MARIA DE HUIRIRIMA
215;AGUARICO;986;TIPUTINI
215;AGUARICO;987;YASUNI
216;LA JOYA DE LOS SACHAS;988;LA JOYA DE LOS SACHAS
216;LA JOYA DE LOS SACHAS;989;ENOKANQUI
216;LA JOYA DE LOS SACHAS;990;POMPEYA
216;LA JOYA DE LOS SACHAS;991;SAN CARLOS
216;LA JOYA DE LOS SACHAS;992;SAN SEBASTIAN DEL COCA
216;LA JOYA DE LOS SACHAS;993;LAGO SAN PEDRO
216;LA JOYA DE LOS SACHAS;994;RUMIPAMBA
216;LA JOYA DE LOS SACHAS;995;TRES DE NOVIEMBRE
216;LA JOYA DE LOS SACHAS;996;UNION MILAGREÑA
217;LORETO;997;LORETO
217;LORETO;998;AVILA (CAB. EN HUIRUNO)
217;LORETO;999;PUERTO MURIALDO
217;LORETO;1000;SAN JOSE DE PAYAMINO
217;LORETO;1001;SAN JOSE DE DAHUANO
217;LORETO;1002;SAN VICENTE DE HUATICOCHA
218;SANTO DOMINGO;1003;SANTO DOMINGO DE LOS COLORADOS
218;SANTO DOMINGO;1004;ALLURIQUIN
218;SANTO DOMINGO;1005;PUERTO LIMON
218;SANTO DOMINGO;1006;LUZ DE AMERICA
218;SANTO DOMINGO;1007;SAN JACINTO DEL BUA
218;SANTO DOMINGO;1008;VALLE HERMOSO
218;SANTO DOMINGO;1009;EL ESFUERZO
218;SANTO DOMINGO;1010;SANTA MARIA DEL TOACHI
219;SANTA ELENA;1011;SANTA ELENA
219;SANTA ELENA;1012;ATAHUALPA
219;SANTA ELENA;1013;COLONCHE
219;SANTA ELENA;1014;CHANDUY
219;SANTA ELENA;1015;MANGLARALTO
219;SANTA ELENA;1016;SIMON BOLIVAR (JULIO MORENO)
219;SANTA ELENA;1017;SAN JOSE DE ANCON
220;LA LIBERTAD;1018;LA LIBERTAD
221;SALINAS;1019;SALINAS
221;SALINAS;1020;ANCONCITO
221;SALINAS;1021;JOSE LUIS TAMAYO (MUEY)